workload	sample	cell	wall_seconds	cpu_seconds	peak_rss_kib	allocated_bytes	transcript_sha256
state-thread	1	B1	8.129815	7.880000	4940648	20424768	ce055ee44eb7e6d8f8b969a32e9cd2dd85855e9646190a712a45ad2e55bddb6c
state-thread	1	B2	8.030843	7.750000	4938032	20446424	ce055ee44eb7e6d8f8b969a32e9cd2dd85855e9646190a712a45ad2e55bddb6c
state-thread	1	C2	5.811378	5.910000	3591448	21402824	ce055ee44eb7e6d8f8b969a32e9cd2dd85855e9646190a712a45ad2e55bddb6c
state-thread	1	C1	7.768369	7.480000	4937632	20473808	ce055ee44eb7e6d8f8b969a32e9cd2dd85855e9646190a712a45ad2e55bddb6c
continuation	1	B2	7.645093	7.420000	4938228	26519040	dbdc8ef04e90278fd773e07bc8477f3b5f59e1fbf2370910c0baaf7303dec9e7
continuation	1	C1	8.150894	7.890000	4936904	26623496	dbdc8ef04e90278fd773e07bc8477f3b5f59e1fbf2370910c0baaf7303dec9e7
continuation	1	B1	7.775469	7.470000	4941836	26499016	dbdc8ef04e90278fd773e07bc8477f3b5f59e1fbf2370910c0baaf7303dec9e7
continuation	1	C2	5.791405	5.840000	3562308	27545632	dbdc8ef04e90278fd773e07bc8477f3b5f59e1fbf2370910c0baaf7303dec9e7
library-map	1	C1	8.194294	7.950000	4938368	33377536	5cc74a4cb216329ee5c4b3c8db6a4ef4403ac1b7193d5ec9d3f8ed93e0010d6d
library-map	1	C2	6.065363	6.130000	3572292	34381712	5cc74a4cb216329ee5c4b3c8db6a4ef4403ac1b7193d5ec9d3f8ed93e0010d6d
library-map	1	B2	8.173450	7.860000	4946780	33390432	5cc74a4cb216329ee5c4b3c8db6a4ef4403ac1b7193d5ec9d3f8ed93e0010d6d
library-map	1	B1	7.806628	7.560000	4943280	33304176	5cc74a4cb216329ee5c4b3c8db6a4ef4403ac1b7193d5ec9d3f8ed93e0010d6d
library-map	2	B2	7.678455	7.450000	4947432	33389896	5cc74a4cb216329ee5c4b3c8db6a4ef4403ac1b7193d5ec9d3f8ed93e0010d6d
library-map	2	C1	7.887315	7.630000	4941144	33386984	5cc74a4cb216329ee5c4b3c8db6a4ef4403ac1b7193d5ec9d3f8ed93e0010d6d
library-map	2	B1	7.935712	7.660000	4942048	33304472	5cc74a4cb216329ee5c4b3c8db6a4ef4403ac1b7193d5ec9d3f8ed93e0010d6d
library-map	2	C2	5.925478	5.960000	3568708	34379304	5cc74a4cb216329ee5c4b3c8db6a4ef4403ac1b7193d5ec9d3f8ed93e0010d6d
continuation	2	C1	7.699151	7.440000	4937872	26621600	dbdc8ef04e90278fd773e07bc8477f3b5f59e1fbf2370910c0baaf7303dec9e7
continuation	2	C2	5.698772	5.760000	3514356	27555616	dbdc8ef04e90278fd773e07bc8477f3b5f59e1fbf2370910c0baaf7303dec9e7
continuation	2	B2	7.672778	7.450000	4942920	26517552	dbdc8ef04e90278fd773e07bc8477f3b5f59e1fbf2370910c0baaf7303dec9e7
continuation	2	B1	7.659224	7.410000	4940860	26497424	dbdc8ef04e90278fd773e07bc8477f3b5f59e1fbf2370910c0baaf7303dec9e7
state-thread	2	C2	5.759174	5.820000	3574472	21403320	ce055ee44eb7e6d8f8b969a32e9cd2dd85855e9646190a712a45ad2e55bddb6c
state-thread	2	B1	8.212901	7.950000	4937912	20426504	ce055ee44eb7e6d8f8b969a32e9cd2dd85855e9646190a712a45ad2e55bddb6c
state-thread	2	C1	7.888718	7.660000	4938080	20472160	ce055ee44eb7e6d8f8b969a32e9cd2dd85855e9646190a712a45ad2e55bddb6c
state-thread	2	B2	7.657261	7.410000	4940328	20446328	ce055ee44eb7e6d8f8b969a32e9cd2dd85855e9646190a712a45ad2e55bddb6c
state-thread	3	C1	7.738199	7.500000	4939236	20465528	ce055ee44eb7e6d8f8b969a32e9cd2dd85855e9646190a712a45ad2e55bddb6c
state-thread	3	C2	5.740202	5.830000	3607124	21401392	ce055ee44eb7e6d8f8b969a32e9cd2dd85855e9646190a712a45ad2e55bddb6c
state-thread	3	B2	7.689584	7.480000	4940160	20440824	ce055ee44eb7e6d8f8b969a32e9cd2dd85855e9646190a712a45ad2e55bddb6c
state-thread	3	B1	7.676245	7.410000	4940756	20424664	ce055ee44eb7e6d8f8b969a32e9cd2dd85855e9646190a712a45ad2e55bddb6c
continuation	3	C2	5.740197	5.770000	3550800	27552144	dbdc8ef04e90278fd773e07bc8477f3b5f59e1fbf2370910c0baaf7303dec9e7
continuation	3	B1	7.628355	7.380000	4938532	26506696	dbdc8ef04e90278fd773e07bc8477f3b5f59e1fbf2370910c0baaf7303dec9e7
continuation	3	C1	7.613490	7.360000	4937908	26620656	dbdc8ef04e90278fd773e07bc8477f3b5f59e1fbf2370910c0baaf7303dec9e7
continuation	3	B2	7.548682	7.330000	4937956	26518680	dbdc8ef04e90278fd773e07bc8477f3b5f59e1fbf2370910c0baaf7303dec9e7
library-map	3	B1	7.738440	7.520000	4941916	33296752	5cc74a4cb216329ee5c4b3c8db6a4ef4403ac1b7193d5ec9d3f8ed93e0010d6d
library-map	3	B2	7.998785	7.720000	4945280	33391032	5cc74a4cb216329ee5c4b3c8db6a4ef4403ac1b7193d5ec9d3f8ed93e0010d6d
library-map	3	C2	5.954651	6.080000	3565520	34387032	5cc74a4cb216329ee5c4b3c8db6a4ef4403ac1b7193d5ec9d3f8ed93e0010d6d
library-map	3	C1	7.684766	7.460000	4940260	33380856	5cc74a4cb216329ee5c4b3c8db6a4ef4403ac1b7193d5ec9d3f8ed93e0010d6d
library-map	4	C2	5.805444	5.910000	3581668	34385576	5cc74a4cb216329ee5c4b3c8db6a4ef4403ac1b7193d5ec9d3f8ed93e0010d6d
library-map	4	B1	7.621863	7.390000	4938432	33297680	5cc74a4cb216329ee5c4b3c8db6a4ef4403ac1b7193d5ec9d3f8ed93e0010d6d
library-map	4	C1	7.784894	7.540000	4939436	33379232	5cc74a4cb216329ee5c4b3c8db6a4ef4403ac1b7193d5ec9d3f8ed93e0010d6d
library-map	4	B2	7.692417	7.460000	4946700	33391800	5cc74a4cb216329ee5c4b3c8db6a4ef4403ac1b7193d5ec9d3f8ed93e0010d6d
continuation	4	B1	7.614157	7.410000	4938920	26499104	dbdc8ef04e90278fd773e07bc8477f3b5f59e1fbf2370910c0baaf7303dec9e7
continuation	4	B2	7.589851	7.370000	4937988	26520536	dbdc8ef04e90278fd773e07bc8477f3b5f59e1fbf2370910c0baaf7303dec9e7
continuation	4	C2	5.699018	5.800000	3599108	27557016	dbdc8ef04e90278fd773e07bc8477f3b5f59e1fbf2370910c0baaf7303dec9e7
continuation	4	C1	7.638286	7.410000	4940472	26629192	dbdc8ef04e90278fd773e07bc8477f3b5f59e1fbf2370910c0baaf7303dec9e7
state-thread	4	B2	7.648001	7.430000	4942832	20445112	ce055ee44eb7e6d8f8b969a32e9cd2dd85855e9646190a712a45ad2e55bddb6c
state-thread	4	C1	7.529884	7.310000	4939496	20470000	ce055ee44eb7e6d8f8b969a32e9cd2dd85855e9646190a712a45ad2e55bddb6c
state-thread	4	B1	7.752756	7.480000	4943260	20432352	ce055ee44eb7e6d8f8b969a32e9cd2dd85855e9646190a712a45ad2e55bddb6c
state-thread	4	C2	5.856416	5.910000	3583256	21405136	ce055ee44eb7e6d8f8b969a32e9cd2dd85855e9646190a712a45ad2e55bddb6c
state-thread	5	B1	7.729942	7.500000	4938384	20433168	ce055ee44eb7e6d8f8b969a32e9cd2dd85855e9646190a712a45ad2e55bddb6c
state-thread	5	B2	7.620761	7.410000	4941428	20443384	ce055ee44eb7e6d8f8b969a32e9cd2dd85855e9646190a712a45ad2e55bddb6c
state-thread	5	C2	5.767554	5.870000	3590540	21399312	ce055ee44eb7e6d8f8b969a32e9cd2dd85855e9646190a712a45ad2e55bddb6c
state-thread	5	C1	7.649713	7.440000	4942776	20466368	ce055ee44eb7e6d8f8b969a32e9cd2dd85855e9646190a712a45ad2e55bddb6c
continuation	5	B2	7.564234	7.310000	4939024	26521592	dbdc8ef04e90278fd773e07bc8477f3b5f59e1fbf2370910c0baaf7303dec9e7
continuation	5	C1	7.546581	7.330000	4936280	26626464	dbdc8ef04e90278fd773e07bc8477f3b5f59e1fbf2370910c0baaf7303dec9e7
continuation	5	B1	7.619874	7.380000	4938216	26499048	dbdc8ef04e90278fd773e07bc8477f3b5f59e1fbf2370910c0baaf7303dec9e7
continuation	5	C2	5.785709	5.930000	3619928	27553928	dbdc8ef04e90278fd773e07bc8477f3b5f59e1fbf2370910c0baaf7303dec9e7
library-map	5	C1	7.724925	7.490000	4943016	33380344	5cc74a4cb216329ee5c4b3c8db6a4ef4403ac1b7193d5ec9d3f8ed93e0010d6d
library-map	5	C2	5.916925	5.980000	3561652	34387160	5cc74a4cb216329ee5c4b3c8db6a4ef4403ac1b7193d5ec9d3f8ed93e0010d6d
library-map	5	B2	7.854459	7.620000	4945512	33391904	5cc74a4cb216329ee5c4b3c8db6a4ef4403ac1b7193d5ec9d3f8ed93e0010d6d
library-map	5	B1	7.665907	7.450000	4942616	33305992	5cc74a4cb216329ee5c4b3c8db6a4ef4403ac1b7193d5ec9d3f8ed93e0010d6d
library-map	6	B2	7.704700	7.500000	4946396	33391080	5cc74a4cb216329ee5c4b3c8db6a4ef4403ac1b7193d5ec9d3f8ed93e0010d6d
library-map	6	C1	7.738899	7.510000	4939024	33390496	5cc74a4cb216329ee5c4b3c8db6a4ef4403ac1b7193d5ec9d3f8ed93e0010d6d
library-map	6	B1	7.847386	7.600000	4939764	33306080	5cc74a4cb216329ee5c4b3c8db6a4ef4403ac1b7193d5ec9d3f8ed93e0010d6d
library-map	6	C2	5.920012	6.000000	3591808	34384448	5cc74a4cb216329ee5c4b3c8db6a4ef4403ac1b7193d5ec9d3f8ed93e0010d6d
continuation	6	C1	7.643666	7.430000	4938916	26623312	dbdc8ef04e90278fd773e07bc8477f3b5f59e1fbf2370910c0baaf7303dec9e7
continuation	6	C2	5.848472	5.880000	3600960	27558448	dbdc8ef04e90278fd773e07bc8477f3b5f59e1fbf2370910c0baaf7303dec9e7
continuation	6	B2	7.732673	7.470000	4941188	26519312	dbdc8ef04e90278fd773e07bc8477f3b5f59e1fbf2370910c0baaf7303dec9e7
continuation	6	B1	7.725654	7.440000	4940604	26500032	dbdc8ef04e90278fd773e07bc8477f3b5f59e1fbf2370910c0baaf7303dec9e7
state-thread	6	C2	5.823122	5.870000	3606912	21397096	ce055ee44eb7e6d8f8b969a32e9cd2dd85855e9646190a712a45ad2e55bddb6c
state-thread	6	B1	7.615193	7.380000	4942796	20432352	ce055ee44eb7e6d8f8b969a32e9cd2dd85855e9646190a712a45ad2e55bddb6c
state-thread	6	C1	7.765021	7.530000	4935940	20467160	ce055ee44eb7e6d8f8b969a32e9cd2dd85855e9646190a712a45ad2e55bddb6c
state-thread	6	B2	7.957367	7.690000	4938076	20446704	ce055ee44eb7e6d8f8b969a32e9cd2dd85855e9646190a712a45ad2e55bddb6c
state-thread	7	C1	7.898226	7.650000	4939172	20473008	ce055ee44eb7e6d8f8b969a32e9cd2dd85855e9646190a712a45ad2e55bddb6c
state-thread	7	C2	6.186475	5.880000	3571512	21402664	ce055ee44eb7e6d8f8b969a32e9cd2dd85855e9646190a712a45ad2e55bddb6c
state-thread	7	B2	8.034607	7.710000	4943348	20446232	ce055ee44eb7e6d8f8b969a32e9cd2dd85855e9646190a712a45ad2e55bddb6c
state-thread	7	B1	7.996103	7.680000	4937984	20434248	ce055ee44eb7e6d8f8b969a32e9cd2dd85855e9646190a712a45ad2e55bddb6c
continuation	7	C2	5.974152	6.150000	3577664	27557992	dbdc8ef04e90278fd773e07bc8477f3b5f59e1fbf2370910c0baaf7303dec9e7
continuation	7	B1	7.748674	7.480000	4940780	26504800	dbdc8ef04e90278fd773e07bc8477f3b5f59e1fbf2370910c0baaf7303dec9e7
continuation	7	C1	8.210028	7.870000	4937740	26623000	dbdc8ef04e90278fd773e07bc8477f3b5f59e1fbf2370910c0baaf7303dec9e7
continuation	7	B2	8.152928	7.860000	4938512	26516080	dbdc8ef04e90278fd773e07bc8477f3b5f59e1fbf2370910c0baaf7303dec9e7
library-map	7	B1	7.972641	7.710000	4945428	33295440	5cc74a4cb216329ee5c4b3c8db6a4ef4403ac1b7193d5ec9d3f8ed93e0010d6d
library-map	7	B2	7.789449	7.550000	4947908	33391824	5cc74a4cb216329ee5c4b3c8db6a4ef4403ac1b7193d5ec9d3f8ed93e0010d6d
library-map	7	C2	6.230179	6.300000	3571840	34386096	5cc74a4cb216329ee5c4b3c8db6a4ef4403ac1b7193d5ec9d3f8ed93e0010d6d
library-map	7	C1	7.858077	7.620000	4936348	33384944	5cc74a4cb216329ee5c4b3c8db6a4ef4403ac1b7193d5ec9d3f8ed93e0010d6d
library-map	8	C2	5.980338	6.100000	3555620	34388976	5cc74a4cb216329ee5c4b3c8db6a4ef4403ac1b7193d5ec9d3f8ed93e0010d6d
library-map	8	B1	7.706298	7.440000	4943016	33307032	5cc74a4cb216329ee5c4b3c8db6a4ef4403ac1b7193d5ec9d3f8ed93e0010d6d
library-map	8	C1	7.916650	7.660000	4941500	33378416	5cc74a4cb216329ee5c4b3c8db6a4ef4403ac1b7193d5ec9d3f8ed93e0010d6d
library-map	8	B2	7.887766	7.610000	4945984	33393720	5cc74a4cb216329ee5c4b3c8db6a4ef4403ac1b7193d5ec9d3f8ed93e0010d6d
continuation	8	B1	7.647352	7.390000	4938516	26499040	dbdc8ef04e90278fd773e07bc8477f3b5f59e1fbf2370910c0baaf7303dec9e7
continuation	8	B2	7.785112	7.540000	4939672	26519296	dbdc8ef04e90278fd773e07bc8477f3b5f59e1fbf2370910c0baaf7303dec9e7
continuation	8	C2	5.778196	5.840000	3558660	27558032	dbdc8ef04e90278fd773e07bc8477f3b5f59e1fbf2370910c0baaf7303dec9e7
continuation	8	C1	7.688639	7.430000	4939640	26629320	dbdc8ef04e90278fd773e07bc8477f3b5f59e1fbf2370910c0baaf7303dec9e7
state-thread	8	B2	7.600171	7.390000	4941340	20447536	ce055ee44eb7e6d8f8b969a32e9cd2dd85855e9646190a712a45ad2e55bddb6c
state-thread	8	C1	7.580371	7.340000	4940432	20475032	ce055ee44eb7e6d8f8b969a32e9cd2dd85855e9646190a712a45ad2e55bddb6c
state-thread	8	B1	7.605132	7.350000	4939520	20432320	ce055ee44eb7e6d8f8b969a32e9cd2dd85855e9646190a712a45ad2e55bddb6c
state-thread	8	C2	5.728245	5.830000	3581476	21401992	ce055ee44eb7e6d8f8b969a32e9cd2dd85855e9646190a712a45ad2e55bddb6c
state-thread	9	B1	7.821287	7.540000	4938604	20427320	ce055ee44eb7e6d8f8b969a32e9cd2dd85855e9646190a712a45ad2e55bddb6c
state-thread	9	B2	7.735912	7.510000	4942144	20446160	ce055ee44eb7e6d8f8b969a32e9cd2dd85855e9646190a712a45ad2e55bddb6c
state-thread	9	C2	5.755196	5.790000	3572408	21404360	ce055ee44eb7e6d8f8b969a32e9cd2dd85855e9646190a712a45ad2e55bddb6c
state-thread	9	C1	7.636186	7.400000	4936084	20472208	ce055ee44eb7e6d8f8b969a32e9cd2dd85855e9646190a712a45ad2e55bddb6c
continuation	9	B2	8.033225	7.680000	4937664	26521752	dbdc8ef04e90278fd773e07bc8477f3b5f59e1fbf2370910c0baaf7303dec9e7
continuation	9	C1	7.690570	7.440000	4936676	26621552	dbdc8ef04e90278fd773e07bc8477f3b5f59e1fbf2370910c0baaf7303dec9e7
continuation	9	B1	7.760774	7.530000	4939736	26499968	dbdc8ef04e90278fd773e07bc8477f3b5f59e1fbf2370910c0baaf7303dec9e7
continuation	9	C2	5.808141	5.870000	3583440	27558616	dbdc8ef04e90278fd773e07bc8477f3b5f59e1fbf2370910c0baaf7303dec9e7
library-map	9	C1	7.772593	7.540000	4936320	33386040	5cc74a4cb216329ee5c4b3c8db6a4ef4403ac1b7193d5ec9d3f8ed93e0010d6d
library-map	9	C2	5.844818	5.890000	3564140	34381624	5cc74a4cb216329ee5c4b3c8db6a4ef4403ac1b7193d5ec9d3f8ed93e0010d6d
library-map	9	B2	7.868060	7.600000	4947636	33391864	5cc74a4cb216329ee5c4b3c8db6a4ef4403ac1b7193d5ec9d3f8ed93e0010d6d
library-map	9	B1	7.732459	7.520000	4943864	33303376	5cc74a4cb216329ee5c4b3c8db6a4ef4403ac1b7193d5ec9d3f8ed93e0010d6d
library-map	10	B2	7.815400	7.580000	4948628	33391776	5cc74a4cb216329ee5c4b3c8db6a4ef4403ac1b7193d5ec9d3f8ed93e0010d6d
library-map	10	C1	7.733786	7.490000	4939156	33384928	5cc74a4cb216329ee5c4b3c8db6a4ef4403ac1b7193d5ec9d3f8ed93e0010d6d
library-map	10	B1	7.724133	7.470000	4941160	33299360	5cc74a4cb216329ee5c4b3c8db6a4ef4403ac1b7193d5ec9d3f8ed93e0010d6d
library-map	10	C2	6.332640	6.410000	3612376	34388776	5cc74a4cb216329ee5c4b3c8db6a4ef4403ac1b7193d5ec9d3f8ed93e0010d6d
continuation	10	C1	7.665872	7.420000	4940416	26627472	dbdc8ef04e90278fd773e07bc8477f3b5f59e1fbf2370910c0baaf7303dec9e7
continuation	10	C2	5.811096	5.900000	3599240	27558200	dbdc8ef04e90278fd773e07bc8477f3b5f59e1fbf2370910c0baaf7303dec9e7
continuation	10	B2	7.642600	7.420000	4941184	26518104	dbdc8ef04e90278fd773e07bc8477f3b5f59e1fbf2370910c0baaf7303dec9e7
continuation	10	B1	7.985862	7.720000	4939208	26505648	dbdc8ef04e90278fd773e07bc8477f3b5f59e1fbf2370910c0baaf7303dec9e7
state-thread	10	C2	6.084507	6.090000	3572508	21405848	ce055ee44eb7e6d8f8b969a32e9cd2dd85855e9646190a712a45ad2e55bddb6c
state-thread	10	B1	7.877101	7.480000	4943060	20433152	ce055ee44eb7e6d8f8b969a32e9cd2dd85855e9646190a712a45ad2e55bddb6c
state-thread	10	C1	7.654617	7.460000	4935688	20467264	ce055ee44eb7e6d8f8b969a32e9cd2dd85855e9646190a712a45ad2e55bddb6c
state-thread	10	B2	7.728795	7.490000	4941948	20447944	ce055ee44eb7e6d8f8b969a32e9cd2dd85855e9646190a712a45ad2e55bddb6c
state-thread	11	C1	8.001650	7.690000	4936232	20467304	ce055ee44eb7e6d8f8b969a32e9cd2dd85855e9646190a712a45ad2e55bddb6c
state-thread	11	C2	5.760015	5.900000	3597820	21403960	ce055ee44eb7e6d8f8b969a32e9cd2dd85855e9646190a712a45ad2e55bddb6c
state-thread	11	B2	7.749023	7.440000	4941216	20445192	ce055ee44eb7e6d8f8b969a32e9cd2dd85855e9646190a712a45ad2e55bddb6c
state-thread	11	B1	8.041251	7.720000	4943384	20431256	ce055ee44eb7e6d8f8b969a32e9cd2dd85855e9646190a712a45ad2e55bddb6c
continuation	11	C2	5.840327	5.980000	3588532	27555392	dbdc8ef04e90278fd773e07bc8477f3b5f59e1fbf2370910c0baaf7303dec9e7
continuation	11	B1	7.653921	7.430000	4939652	26497424	dbdc8ef04e90278fd773e07bc8477f3b5f59e1fbf2370910c0baaf7303dec9e7
continuation	11	C1	7.808402	7.470000	4939028	26617576	dbdc8ef04e90278fd773e07bc8477f3b5f59e1fbf2370910c0baaf7303dec9e7
continuation	11	B2	7.634966	7.420000	4939184	26518448	dbdc8ef04e90278fd773e07bc8477f3b5f59e1fbf2370910c0baaf7303dec9e7
library-map	11	B1	7.727857	7.540000	4944060	33303424	5cc74a4cb216329ee5c4b3c8db6a4ef4403ac1b7193d5ec9d3f8ed93e0010d6d
library-map	11	B2	7.852795	7.630000	4947516	33391776	5cc74a4cb216329ee5c4b3c8db6a4ef4403ac1b7193d5ec9d3f8ed93e0010d6d
library-map	11	C2	5.861310	5.910000	3586628	34385712	5cc74a4cb216329ee5c4b3c8db6a4ef4403ac1b7193d5ec9d3f8ed93e0010d6d
library-map	11	C1	7.764259	7.460000	4937784	33384960	5cc74a4cb216329ee5c4b3c8db6a4ef4403ac1b7193d5ec9d3f8ed93e0010d6d
library-map	12	C2	6.066437	6.220000	3620864	34367640	5cc74a4cb216329ee5c4b3c8db6a4ef4403ac1b7193d5ec9d3f8ed93e0010d6d
library-map	12	B1	8.169864	7.890000	4943372	33305304	5cc74a4cb216329ee5c4b3c8db6a4ef4403ac1b7193d5ec9d3f8ed93e0010d6d
library-map	12	C1	7.957417	7.680000	4940344	33377240	5cc74a4cb216329ee5c4b3c8db6a4ef4403ac1b7193d5ec9d3f8ed93e0010d6d
library-map	12	B2	8.022963	7.790000	4948012	33390896	5cc74a4cb216329ee5c4b3c8db6a4ef4403ac1b7193d5ec9d3f8ed93e0010d6d
continuation	12	B1	7.753369	7.510000	4940920	26504800	dbdc8ef04e90278fd773e07bc8477f3b5f59e1fbf2370910c0baaf7303dec9e7
continuation	12	B2	7.859111	7.590000	4941404	26520416	dbdc8ef04e90278fd773e07bc8477f3b5f59e1fbf2370910c0baaf7303dec9e7
continuation	12	C2	5.768816	5.790000	3545220	27556512	dbdc8ef04e90278fd773e07bc8477f3b5f59e1fbf2370910c0baaf7303dec9e7
continuation	12	C1	7.484727	7.270000	4942340	26628376	dbdc8ef04e90278fd773e07bc8477f3b5f59e1fbf2370910c0baaf7303dec9e7
state-thread	12	B2	7.521839	7.320000	4940024	20448096	ce055ee44eb7e6d8f8b969a32e9cd2dd85855e9646190a712a45ad2e55bddb6c
state-thread	12	C1	8.298299	8.050000	4935556	20468072	ce055ee44eb7e6d8f8b969a32e9cd2dd85855e9646190a712a45ad2e55bddb6c
state-thread	12	B1	8.713324	8.430000	4937952	20427408	ce055ee44eb7e6d8f8b969a32e9cd2dd85855e9646190a712a45ad2e55bddb6c
state-thread	12	C2	6.025118	6.160000	3611196	21401160	ce055ee44eb7e6d8f8b969a32e9cd2dd85855e9646190a712a45ad2e55bddb6c
state-thread	13	B1	8.550683	8.200000	4942332	20427392	ce055ee44eb7e6d8f8b969a32e9cd2dd85855e9646190a712a45ad2e55bddb6c
state-thread	13	B2	8.030421	7.780000	4939480	20448104	ce055ee44eb7e6d8f8b969a32e9cd2dd85855e9646190a712a45ad2e55bddb6c
state-thread	13	C2	6.066083	6.140000	3622488	21402336	ce055ee44eb7e6d8f8b969a32e9cd2dd85855e9646190a712a45ad2e55bddb6c
state-thread	13	C1	8.286258	7.920000	4940400	20465680	ce055ee44eb7e6d8f8b969a32e9cd2dd85855e9646190a712a45ad2e55bddb6c
continuation	13	B2	8.188826	7.850000	4942220	26523304	dbdc8ef04e90278fd773e07bc8477f3b5f59e1fbf2370910c0baaf7303dec9e7
continuation	13	C1	8.427905	8.100000	4940828	26628192	dbdc8ef04e90278fd773e07bc8477f3b5f59e1fbf2370910c0baaf7303dec9e7
continuation	13	B1	9.219173	8.900000	4939236	26497872	dbdc8ef04e90278fd773e07bc8477f3b5f59e1fbf2370910c0baaf7303dec9e7
continuation	13	C2	6.598986	6.690000	3642584	27564136	dbdc8ef04e90278fd773e07bc8477f3b5f59e1fbf2370910c0baaf7303dec9e7
library-map	13	C1	8.972681	8.720000	4937884	33385744	5cc74a4cb216329ee5c4b3c8db6a4ef4403ac1b7193d5ec9d3f8ed93e0010d6d
library-map	13	C2	6.108692	6.200000	3617208	34384360	5cc74a4cb216329ee5c4b3c8db6a4ef4403ac1b7193d5ec9d3f8ed93e0010d6d
library-map	13	B2	7.999235	7.760000	4943576	33390896	5cc74a4cb216329ee5c4b3c8db6a4ef4403ac1b7193d5ec9d3f8ed93e0010d6d
library-map	13	B1	8.037029	7.770000	4944108	33294592	5cc74a4cb216329ee5c4b3c8db6a4ef4403ac1b7193d5ec9d3f8ed93e0010d6d
library-map	14	B2	8.032984	7.800000	4947156	33388320	5cc74a4cb216329ee5c4b3c8db6a4ef4403ac1b7193d5ec9d3f8ed93e0010d6d
library-map	14	C1	8.343084	8.040000	4940944	33380944	5cc74a4cb216329ee5c4b3c8db6a4ef4403ac1b7193d5ec9d3f8ed93e0010d6d
library-map	14	B1	8.302878	8.020000	4941052	33302560	5cc74a4cb216329ee5c4b3c8db6a4ef4403ac1b7193d5ec9d3f8ed93e0010d6d
library-map	14	C2	6.236761	6.330000	3568444	34385664	5cc74a4cb216329ee5c4b3c8db6a4ef4403ac1b7193d5ec9d3f8ed93e0010d6d
continuation	14	C1	8.259164	7.950000	4936592	26628368	dbdc8ef04e90278fd773e07bc8477f3b5f59e1fbf2370910c0baaf7303dec9e7
continuation	14	C2	7.590039	7.690000	3622776	27553648	dbdc8ef04e90278fd773e07bc8477f3b5f59e1fbf2370910c0baaf7303dec9e7
continuation	14	B2	8.344261	8.120000	4941640	26516768	dbdc8ef04e90278fd773e07bc8477f3b5f59e1fbf2370910c0baaf7303dec9e7
continuation	14	B1	8.028584	7.800000	4943308	26498968	dbdc8ef04e90278fd773e07bc8477f3b5f59e1fbf2370910c0baaf7303dec9e7
state-thread	14	C2	6.135743	6.330000	3640688	21397872	ce055ee44eb7e6d8f8b969a32e9cd2dd85855e9646190a712a45ad2e55bddb6c
state-thread	14	B1	8.403689	8.130000	4938792	20433080	ce055ee44eb7e6d8f8b969a32e9cd2dd85855e9646190a712a45ad2e55bddb6c
state-thread	14	C1	8.361904	8.160000	4938296	20473024	ce055ee44eb7e6d8f8b969a32e9cd2dd85855e9646190a712a45ad2e55bddb6c
state-thread	14	B2	7.944948	7.740000	4939332	20447912	ce055ee44eb7e6d8f8b969a32e9cd2dd85855e9646190a712a45ad2e55bddb6c
state-thread	15	C1	8.194317	7.920000	4939556	20466400	ce055ee44eb7e6d8f8b969a32e9cd2dd85855e9646190a712a45ad2e55bddb6c
state-thread	15	C2	6.391455	6.550000	3626196	21399480	ce055ee44eb7e6d8f8b969a32e9cd2dd85855e9646190a712a45ad2e55bddb6c
state-thread	15	B2	9.785390	9.460000	4940140	20445496	ce055ee44eb7e6d8f8b969a32e9cd2dd85855e9646190a712a45ad2e55bddb6c
state-thread	15	B1	7.957610	7.730000	4940344	20432320	ce055ee44eb7e6d8f8b969a32e9cd2dd85855e9646190a712a45ad2e55bddb6c
continuation	15	C2	6.176534	6.380000	3601076	27559712	dbdc8ef04e90278fd773e07bc8477f3b5f59e1fbf2370910c0baaf7303dec9e7
continuation	15	B1	7.975750	7.710000	4941384	26504800	dbdc8ef04e90278fd773e07bc8477f3b5f59e1fbf2370910c0baaf7303dec9e7
continuation	15	C1	8.134894	7.860000	4939940	26625360	dbdc8ef04e90278fd773e07bc8477f3b5f59e1fbf2370910c0baaf7303dec9e7
continuation	15	B2	8.340814	8.030000	4936704	26520648	dbdc8ef04e90278fd773e07bc8477f3b5f59e1fbf2370910c0baaf7303dec9e7
library-map	15	B1	8.516931	8.220000	4940480	33305056	5cc74a4cb216329ee5c4b3c8db6a4ef4403ac1b7193d5ec9d3f8ed93e0010d6d
library-map	15	B2	8.081716	7.760000	4942388	33386760	5cc74a4cb216329ee5c4b3c8db6a4ef4403ac1b7193d5ec9d3f8ed93e0010d6d
library-map	15	C2	6.156580	6.350000	3619516	34390720	5cc74a4cb216329ee5c4b3c8db6a4ef4403ac1b7193d5ec9d3f8ed93e0010d6d
library-map	15	C1	8.186453	7.930000	4940316	33380912	5cc74a4cb216329ee5c4b3c8db6a4ef4403ac1b7193d5ec9d3f8ed93e0010d6d
library-map	16	C2	7.048293	7.170000	3568812	34389168	5cc74a4cb216329ee5c4b3c8db6a4ef4403ac1b7193d5ec9d3f8ed93e0010d6d
library-map	16	B1	8.039453	7.800000	4941652	33306272	5cc74a4cb216329ee5c4b3c8db6a4ef4403ac1b7193d5ec9d3f8ed93e0010d6d
library-map	16	C1	8.052292	7.770000	4939148	33408960	5cc74a4cb216329ee5c4b3c8db6a4ef4403ac1b7193d5ec9d3f8ed93e0010d6d
library-map	16	B2	8.068172	7.850000	4944684	33384024	5cc74a4cb216329ee5c4b3c8db6a4ef4403ac1b7193d5ec9d3f8ed93e0010d6d
continuation	16	B1	8.239559	7.940000	4938364	26497368	dbdc8ef04e90278fd773e07bc8477f3b5f59e1fbf2370910c0baaf7303dec9e7
continuation	16	B2	9.159722	8.740000	4941796	26519776	dbdc8ef04e90278fd773e07bc8477f3b5f59e1fbf2370910c0baaf7303dec9e7
continuation	16	C2	5.823190	5.860000	3572552	27557456	dbdc8ef04e90278fd773e07bc8477f3b5f59e1fbf2370910c0baaf7303dec9e7
continuation	16	C1	7.742361	7.450000	4936692	26627280	dbdc8ef04e90278fd773e07bc8477f3b5f59e1fbf2370910c0baaf7303dec9e7
state-thread	16	B2	7.859133	7.610000	4939252	20442328	ce055ee44eb7e6d8f8b969a32e9cd2dd85855e9646190a712a45ad2e55bddb6c
state-thread	16	C1	7.718332	7.460000	4936648	20468160	ce055ee44eb7e6d8f8b969a32e9cd2dd85855e9646190a712a45ad2e55bddb6c
state-thread	16	B1	7.639044	7.420000	4942156	20428248	ce055ee44eb7e6d8f8b969a32e9cd2dd85855e9646190a712a45ad2e55bddb6c
state-thread	16	C2	5.763511	5.880000	3582048	21398680	ce055ee44eb7e6d8f8b969a32e9cd2dd85855e9646190a712a45ad2e55bddb6c
state-thread	17	B1	7.685181	7.450000	4945860	20428288	ce055ee44eb7e6d8f8b969a32e9cd2dd85855e9646190a712a45ad2e55bddb6c
state-thread	17	B2	7.681626	7.460000	4940520	20446784	ce055ee44eb7e6d8f8b969a32e9cd2dd85855e9646190a712a45ad2e55bddb6c
state-thread	17	C2	5.738890	5.780000	3573876	21400664	ce055ee44eb7e6d8f8b969a32e9cd2dd85855e9646190a712a45ad2e55bddb6c
state-thread	17	C1	7.567870	7.370000	4937560	20472208	ce055ee44eb7e6d8f8b969a32e9cd2dd85855e9646190a712a45ad2e55bddb6c
continuation	17	B2	7.596494	7.370000	4941332	26518376	dbdc8ef04e90278fd773e07bc8477f3b5f59e1fbf2370910c0baaf7303dec9e7
continuation	17	C1	7.742519	7.500000	4938248	26626408	dbdc8ef04e90278fd773e07bc8477f3b5f59e1fbf2370910c0baaf7303dec9e7
continuation	17	B1	7.755237	7.550000	4941736	26503896	dbdc8ef04e90278fd773e07bc8477f3b5f59e1fbf2370910c0baaf7303dec9e7
continuation	17	C2	5.820912	5.870000	3610276	27554488	dbdc8ef04e90278fd773e07bc8477f3b5f59e1fbf2370910c0baaf7303dec9e7
library-map	17	C1	7.780117	7.490000	4941340	33384944	5cc74a4cb216329ee5c4b3c8db6a4ef4403ac1b7193d5ec9d3f8ed93e0010d6d
library-map	17	C2	5.883829	5.930000	3574616	34387824	5cc74a4cb216329ee5c4b3c8db6a4ef4403ac1b7193d5ec9d3f8ed93e0010d6d
library-map	17	B2	7.775146	7.510000	4947152	33392496	5cc74a4cb216329ee5c4b3c8db6a4ef4403ac1b7193d5ec9d3f8ed93e0010d6d
library-map	17	B1	7.847707	7.600000	4941832	33298560	5cc74a4cb216329ee5c4b3c8db6a4ef4403ac1b7193d5ec9d3f8ed93e0010d6d
library-map	18	B2	8.089148	7.790000	4946136	33390864	5cc74a4cb216329ee5c4b3c8db6a4ef4403ac1b7193d5ec9d3f8ed93e0010d6d
library-map	18	C1	7.759979	7.550000	4939132	33385776	5cc74a4cb216329ee5c4b3c8db6a4ef4403ac1b7193d5ec9d3f8ed93e0010d6d
library-map	18	B1	7.933796	7.700000	4941076	33305272	5cc74a4cb216329ee5c4b3c8db6a4ef4403ac1b7193d5ec9d3f8ed93e0010d6d
library-map	18	C2	6.113562	6.280000	3617548	34386560	5cc74a4cb216329ee5c4b3c8db6a4ef4403ac1b7193d5ec9d3f8ed93e0010d6d
continuation	18	C1	7.893618	7.650000	4941848	26618928	dbdc8ef04e90278fd773e07bc8477f3b5f59e1fbf2370910c0baaf7303dec9e7
continuation	18	C2	5.942947	5.980000	3563096	27557288	dbdc8ef04e90278fd773e07bc8477f3b5f59e1fbf2370910c0baaf7303dec9e7
continuation	18	B2	7.590343	7.370000	4940548	26519776	dbdc8ef04e90278fd773e07bc8477f3b5f59e1fbf2370910c0baaf7303dec9e7
continuation	18	B1	7.728944	7.470000	4940124	26499024	dbdc8ef04e90278fd773e07bc8477f3b5f59e1fbf2370910c0baaf7303dec9e7
state-thread	18	C2	5.773804	5.890000	3552828	21401512	ce055ee44eb7e6d8f8b969a32e9cd2dd85855e9646190a712a45ad2e55bddb6c
state-thread	18	B1	8.183905	7.910000	4937924	20426576	ce055ee44eb7e6d8f8b969a32e9cd2dd85855e9646190a712a45ad2e55bddb6c
state-thread	18	C1	7.628831	7.410000	4937268	20468088	ce055ee44eb7e6d8f8b969a32e9cd2dd85855e9646190a712a45ad2e55bddb6c
state-thread	18	B2	7.944549	7.650000	4941312	20446768	ce055ee44eb7e6d8f8b969a32e9cd2dd85855e9646190a712a45ad2e55bddb6c
state-thread	19	C1	7.817543	7.560000	4936688	20468088	ce055ee44eb7e6d8f8b969a32e9cd2dd85855e9646190a712a45ad2e55bddb6c
state-thread	19	C2	5.777814	5.820000	3564848	21402744	ce055ee44eb7e6d8f8b969a32e9cd2dd85855e9646190a712a45ad2e55bddb6c
state-thread	19	B2	7.723392	7.500000	4938220	20448928	ce055ee44eb7e6d8f8b969a32e9cd2dd85855e9646190a712a45ad2e55bddb6c
state-thread	19	B1	7.659913	7.430000	4938276	20427424	ce055ee44eb7e6d8f8b969a32e9cd2dd85855e9646190a712a45ad2e55bddb6c
continuation	19	C2	5.811907	5.870000	3572392	27555848	dbdc8ef04e90278fd773e07bc8477f3b5f59e1fbf2370910c0baaf7303dec9e7
continuation	19	B1	7.691514	7.470000	4938044	26500944	dbdc8ef04e90278fd773e07bc8477f3b5f59e1fbf2370910c0baaf7303dec9e7
continuation	19	C1	8.026672	7.760000	4941112	26619024	dbdc8ef04e90278fd773e07bc8477f3b5f59e1fbf2370910c0baaf7303dec9e7
continuation	19	B2	7.709900	7.480000	4941520	26519528	dbdc8ef04e90278fd773e07bc8477f3b5f59e1fbf2370910c0baaf7303dec9e7
library-map	19	B1	7.863371	7.610000	4941360	33299360	5cc74a4cb216329ee5c4b3c8db6a4ef4403ac1b7193d5ec9d3f8ed93e0010d6d
library-map	19	B2	8.501426	8.200000	4945216	33386776	5cc74a4cb216329ee5c4b3c8db6a4ef4403ac1b7193d5ec9d3f8ed93e0010d6d
library-map	19	C2	6.009998	6.020000	3568836	34387128	5cc74a4cb216329ee5c4b3c8db6a4ef4403ac1b7193d5ec9d3f8ed93e0010d6d
library-map	19	C1	7.831162	7.600000	4937324	33381144	5cc74a4cb216329ee5c4b3c8db6a4ef4403ac1b7193d5ec9d3f8ed93e0010d6d
library-map	20	C2	6.204234	6.190000	3638544	34387616	5cc74a4cb216329ee5c4b3c8db6a4ef4403ac1b7193d5ec9d3f8ed93e0010d6d
library-map	20	B1	7.855738	7.610000	4941216	33298680	5cc74a4cb216329ee5c4b3c8db6a4ef4403ac1b7193d5ec9d3f8ed93e0010d6d
library-map	20	C1	7.711163	7.490000	4939884	33380912	5cc74a4cb216329ee5c4b3c8db6a4ef4403ac1b7193d5ec9d3f8ed93e0010d6d
library-map	20	B2	7.682841	7.460000	4944132	33390944	5cc74a4cb216329ee5c4b3c8db6a4ef4403ac1b7193d5ec9d3f8ed93e0010d6d
continuation	20	B1	7.610422	7.360000	4937444	26497304	dbdc8ef04e90278fd773e07bc8477f3b5f59e1fbf2370910c0baaf7303dec9e7
continuation	20	B2	7.826269	7.560000	4938636	26519944	dbdc8ef04e90278fd773e07bc8477f3b5f59e1fbf2370910c0baaf7303dec9e7
continuation	20	C2	5.723610	5.860000	3534736	27556048	dbdc8ef04e90278fd773e07bc8477f3b5f59e1fbf2370910c0baaf7303dec9e7
continuation	20	C1	7.700533	7.470000	4940184	26628096	dbdc8ef04e90278fd773e07bc8477f3b5f59e1fbf2370910c0baaf7303dec9e7
state-thread	20	B2	7.648950	7.420000	4940448	20445352	ce055ee44eb7e6d8f8b969a32e9cd2dd85855e9646190a712a45ad2e55bddb6c
state-thread	20	C1	7.857790	7.590000	4935200	20467144	ce055ee44eb7e6d8f8b969a32e9cd2dd85855e9646190a712a45ad2e55bddb6c
state-thread	20	B1	7.663982	7.420000	4940736	20433416	ce055ee44eb7e6d8f8b969a32e9cd2dd85855e9646190a712a45ad2e55bddb6c
state-thread	20	C2	5.724391	5.840000	3562928	21404160	ce055ee44eb7e6d8f8b969a32e9cd2dd85855e9646190a712a45ad2e55bddb6c
state-thread	21	B1	7.689213	7.460000	4939484	20428288	ce055ee44eb7e6d8f8b969a32e9cd2dd85855e9646190a712a45ad2e55bddb6c
state-thread	21	B2	7.664891	7.400000	4939712	20446200	ce055ee44eb7e6d8f8b969a32e9cd2dd85855e9646190a712a45ad2e55bddb6c
state-thread	21	C2	5.787302	5.770000	3569440	21404968	ce055ee44eb7e6d8f8b969a32e9cd2dd85855e9646190a712a45ad2e55bddb6c
state-thread	21	C1	7.714324	7.490000	4937628	20467248	ce055ee44eb7e6d8f8b969a32e9cd2dd85855e9646190a712a45ad2e55bddb6c
continuation	21	B2	7.643456	7.400000	4940512	26517232	dbdc8ef04e90278fd773e07bc8477f3b5f59e1fbf2370910c0baaf7303dec9e7
continuation	21	C1	7.841052	7.600000	4940268	26625520	dbdc8ef04e90278fd773e07bc8477f3b5f59e1fbf2370910c0baaf7303dec9e7
continuation	21	B1	7.552228	7.300000	4941040	26499104	dbdc8ef04e90278fd773e07bc8477f3b5f59e1fbf2370910c0baaf7303dec9e7
continuation	21	C2	5.821280	5.900000	3584916	27559672	dbdc8ef04e90278fd773e07bc8477f3b5f59e1fbf2370910c0baaf7303dec9e7
library-map	21	C1	8.092397	7.830000	4943488	33382760	5cc74a4cb216329ee5c4b3c8db6a4ef4403ac1b7193d5ec9d3f8ed93e0010d6d
library-map	21	C2	5.815814	5.870000	3543128	34389064	5cc74a4cb216329ee5c4b3c8db6a4ef4403ac1b7193d5ec9d3f8ed93e0010d6d
library-map	21	B2	7.799309	7.540000	4943752	33391272	5cc74a4cb216329ee5c4b3c8db6a4ef4403ac1b7193d5ec9d3f8ed93e0010d6d
library-map	21	B1	8.116875	7.860000	4939528	33304456	5cc74a4cb216329ee5c4b3c8db6a4ef4403ac1b7193d5ec9d3f8ed93e0010d6d
